text,label,predicted,correct
Sanoma News ' advertising sales decreased by 22 % during the year .,negative,negative,True
"In the first quarter of 2008 , Sacanfil 's net sales totalled EUR 50.0 mn and its operating profit EUR 4.7 mn .",neutral,neutral,True
Okmetic revised its 2010 financial outlook based on its order book .,neutral,neutral,True
"Ragutis , which is based in Lithuania 's second-largest city Kaunas , boosted its sales last year 22.3 per cent to 36.4 million liters .",positive,positive,True
"Purchase it for the 12MP snapper , if nothing else .",neutral,neutral,True
25 November 2010 - Finnish paints and coatings company Tikkurila Oyj ( HEL : TIK1V ) said today that Finnish state-owned investment company Solidium Oy sold its 14.7 % stake in the company for a total of EUR98m .,neutral,neutral,True
"According to Gran , the company has no plans to move all production to Russia , although that is where the company is growing .",neutral,neutral,True
Diluted earnings per share ( EPS ) rose to EUR 0.52 versus EUR 0.09 .,positive,positive,True
Terms were not disclosed .,neutral,neutral,True
"Financial Statements include the consolidated financial statements of the Group , the Board of Directors ' Report , the Auditors ' Report and the Corporate Governance Statement .",neutral,neutral,True
QPR ProcessGuide is available as a system solution with centralized storage and management of process content as well as a standalone desktop version ; QPR ProcessGuide Xpress .,neutral,neutral,True
"In the third quarter of 2010 , net sales increased by 5.2 % to EUR 205.5 mn , and operating profit by 34.9 % to EUR 23.5 mn .",positive,positive,True
"In Finland 's Hobby Hall 's sales decreased by 10 % , and international sales fell by 19 % .",negative,negative,True
"In the fourth quarter of 2006 , OKO Banks expects the operating environment for Banking and Investment Services to remain similar to that in January-September 2006 .",neutral,neutral,True
"India 's trade with Russia currently stands at four billion dollars , growing 9.6 per cent in fiscal 2007 .",positive,positive,True
"Honkarakenne also decided yesterday to sell 88,500 of its B series shares to key staff members for EUR2 .9 per share .",neutral,neutral,True
"The acquired business main asset is a mobile authentication and signing solution , branded as Tectia MobileID , which provides authentication to web e-mail , SSL-VPN , MS SharePoint , Tectia Secure Solutions and other applications and resources .",neutral,neutral,True
"Founded in 1985 , Quatrocon 's clientele consists of public sector builders , central trading companies and major construction firms .",neutral,neutral,True
"The aim of the CEO 's Q&A sessions is to give further clarity on information , which has been made public already earlier .",neutral,neutral,True
"Companies evaluated in the report include Aladdin , CA , F-Secure , Kaspersky , Marshal , McAfee , Microsoft , Panda , Proofpoint , Sophos , Symantec , Trend Micro , Tumbleweed , and Websense .",neutral,neutral,True
"Helsinki on October 22 , 2008 SSH COMMUNICATIONS SECURITY CORP Board of Directors For further information , please contact : Tomi Laamanen , Chairman , tel. +358 0 400 609 544 Distribution : NASDAQ OMX Helsinki Ltd. .",neutral,neutral,True
"At the end of March 2007 , the group 's order book was at EUR 39.6 mn , up 42 % from the corresponding period in 2006 .",positive,positive,True
"Niina Nenonen , Marimekko 's current director for clothing , bags and accessories lines , will take up this role .",neutral,neutral,True
The value of the order is around EUR 100 million .,neutral,neutral,True
Eriikka S+Âderstr+Âm has previously held several positions in finance and control at Nokia Networks including acting as the Business Group Controller and having the corporate controller position at Nokia Siemens Networks .,neutral,neutral,True
The terms and conditions of the year 2003 stock option scheme were published in a stock exchange release on 31 March 2003 .,neutral,neutral,True
"Janis Arbidans , CEO of YIT Celtnieciba , said the company was focusing on housing and real estate development market .",neutral,neutral,True
"The company had net sales of EUR 10.8 million in 2008 , and today has approximately 120 employees in Finland , Estonia and Poland .",neutral,neutral,True
In 2008 Stockmann earned 3.398 million lats in profit on 48.012 million lats in turnover .,neutral,neutral,True
"The company 's profit totaled Ls 578,100 in H1 2007 , down 30.9 % year-on-year .",negative,negative,True
"Finnish telecoms software developer Tecnomen Oyj said on December 5 , 2006 it won a $ 3.3 mln ( 2.5 mln euro ) order to supply an expansion of the charging and messaging systems for the mobile and fixed networks of Brasil Telecom .",positive,positive,True
"Product coverage : baked goods ; biscuits ; breakfast cereals Data coverage : market sizes historic and forecasts , company shares , brand shares and distribution data .",neutral,neutral,True
"However , the proportion of the paid standing orders grew in 2009 .",positive,neutral,False
"Local government commissioner of +àm+Ñl , Kurt Svensson , says he will contact the management of Finnish company Componenta to find out if there are any alternatives to the company 's decision to close down its plant in +àm+Ñl .",neutral,negative,False
"Shareholder 's full name and ID code : - Petri Ailus , born 15.9.1966 For further information , please contact Isto Hantila , CEO , tel. +358 9 591 8342 .",neutral,neutral,True
"Its customers include local companies Slo Oy , Kiilto Oy , Toptronics Oy , Normark Suomi Oy , Pellonpaja Oy and Mansner Oy .",neutral,neutral,True
"In the building and home improvement trade , net sales totalled EUR 1,173 mn , down from EUR 1,566 mn a year earlier .",negative,negative,True
"CHS Expo Freight is a major Finnish fair , exhibition and culture logistics company that provides logistics services to various events by land , air and sea .",neutral,neutral,True
"Proline Plus is available in both adjustable single and multichannel models and fixed volume single-channel models , in volume ranges from 0.1 micro litres to 10 ml .",neutral,neutral,True
"Digia will also set up two subsidiaries , Digia Norway AS and Digia USA Inc. .",neutral,neutral,True
The new chain has 700 discount stores and 250 supermarkets .,neutral,neutral,True
Finnish Outokumpu Technology has been awarded several new grinding technology contracts .,positive,positive,True
"The earnings per share for the quarter came in at 0.25 eur , up from the 0.20 eur of the same quarter a year earlier .",positive,positive,True
"MegaFon 's subscriber base increased 16.1 % in 2009 to 50.5 million users as of December 31 , while its market share by the number of customers amounted to 24 % as of late 2009 , up from 23 % as of late 2008 , according to TeliaSonera estimates .",positive,positive,True
"Biohit Oyj develops , manufactures and markets liquid handling products and diagnostic test systems for use in research , healthcare and industrial laboratories .",neutral,neutral,True
"The latest result included per-share charges of 5 cents for stock compensation , 1 cent for research and development and 1 cent for strategic investments .",neutral,neutral,True
"Favourable currency rates also contributed to higher net sales , '' CEO Kari Kauniskangas said .",positive,positive,True
"In 2007 Talentum will disclose three Interim Reports - Q1 ( January - March ) on Friday , 27 April , 2007 - Q2 ( April - June ) on Friday , 20 July , 2007 - Q3 ( July - September ) on Friday , 26 October , 2007 .",neutral,neutral,True
The total investment in 2006 and 2007 is expected to amount to about EUR75m .,neutral,neutral,True
The company 's board of directors has proposed a dividend of EUR0 .12 per share for 2006 .,neutral,neutral,True
"Revenue grew by 2 percent to  x20ac 580 million $ 743 million , from  x20ac 569 million .",positive,positive,True
These measures are expected to produce annual cost savings of EUR 1.5 million starting in 2007 .,positive,positive,True
"Operating profit was EUR 24.5 mn , up from EUR 23.0 mn .",positive,positive,True
"Metsaliitto will sell 1.1 million B shares of Neomarkka , accounting for about 18.3 pct of Neomarkka 's equity and about 12.7 pct of the voting rights .",neutral,neutral,True
"The brokerage said 2006 has seen a ` true turning point ' in European steel base prices , with better pricing seen carrying through the second quarter of 2006 .",positive,positive,True
A paper mill in the central Maine town of Madison soon will have a new owner .,neutral,neutral,True
"( ADP News ) - Feb 11 , 2009 - Finnish wood products technology supplier Raute Oyj ( HEL : RUTAV ) said today its net profit decreased to EUR 4.7 million ( USD 6.1 m ) for 2008 from EUR 6.6 million for 2007 .",negative,negative,True
"Mercator will use the software for its logistic , retail and wholesale operations in Slovenia and its other markets in southeastern Europe .",neutral,neutral,True
The company moved to an operating profit of EUR10 .9 m versus an operating loss of EUR15 .3 m. It also turned to EPS of EUR0 .08 versus loss per share of EUR0 .04 .,positive,positive,True
"The company 's net profit rose 11.4 % on the year to 82.2 million euros in 2005 on sales of 686.5 million euros , 13.8 % up on the year , the company said earlier .",positive,positive,True
"The EBRD is using its own funds to provide a 21.6 mln A loan while the B portion of 10 mln Euros has been syndicated to two Finnish commercial banks , Nordea Bank Finland Plc 7.7 mln Euros and Pohjola Bank Plc 2.3 mln Euros .",neutral,neutral,True
"Uponor made an operating profit of EUR 151.0 mn , up from EUR 143.7 mn , which made 2007 a record year .",positive,positive,True
"Operating profit , excluding non-recurring items , totaled EUR 0.2 mn , down from EUR 0.8 mn in the corresponding period in 2006 .",negative,negative,True
"In Q1 of 2009 , the company 's operating loss totalled EUR 0.3 mn , compared to a profit of EUR 3.6 mn in Q1 of 2008 .",negative,negative,True
"Seller is the Finnish Elcoteq Group , the largest European electronics manufacturing services company .",neutral,neutral,True
Any investment or investment activity to which this communication relates is only available to relevant persons and will be engaged in only with relevant persons .,neutral,neutral,True
"In a separate announcement to the Helsinki stock exchange , Atria revealed that the company 's third quarter profits declined from EUR13 .9 m in the third quarter of last year to EUR12 .7 m in this year 's Q3 .",negative,negative,True
"The works will include the laying of natural stone pavements and the installation of underground heating , and surface water drainage systems .",neutral,neutral,True
Earnings per share EPS rose to EUR 0.11 from EUR 0.03 .,positive,positive,True
"Its product portfolio comprises harvesters , forwarders , harvester heads , as well as cranes and loaders .",neutral,neutral,True
"These financing arrangements will enable the company to ensure , in line with its treasury policy , that it has sufficient financial instruments at its disposal for its potential capital requirements .",positive,neutral,False
"Finnish Suominen Corporation that makes wipes , nonwovens , and flexible packaging , expects changes in the market situation to reduce sales of Suominen 's nonwovens and wet wipes from the previously estimated volumes .",negative,negative,True
Cash flow from operations in January-December 2008 was a negative EUR 18.1 mn compared to EUR 39.0 mn in the corresponding period in 2007 .,negative,negative,True
"The order comprises four ball mills , which will be organized in two different streams for treating ore in the Pilanesberg platinum mine .",neutral,neutral,True
"In July-September 2009 , Konecranes ' sales decreased to EUR 368.7 mn from EUR 520.4 mn in July-September 2008 .",negative,negative,True
Teleste has some 30 offices worldwide and is listed on the Nordic Exchange in Helsinki .,neutral,neutral,True
"The mill will have capacity to produce 500,000 tonnes of pulp per year .",neutral,neutral,True
"After non-recurring items of EUR 177mn , profit amounted to EUR 20mn .",neutral,neutral,True
"Finnair 's passenger load factor , which measures the number of sold seats as a share of all available seats , dropped by 1.3 percentage points to 76.7 % in September .",negative,negative,True
Peigs www.peigs.se will become part of Sardus Latta Maltider Light Meals unit .,neutral,neutral,True
Net sales have been eaten by the weak US dollar .,negative,negative,True
`` Demand for sports equipment was good in 2005 .,positive,neutral,False
Profit after taxes totaled EUR 12.1 mn .,neutral,neutral,True
"A data processing unit collects the data , calculates RVR values and provides the data to users via various interfaces .",neutral,neutral,True
The per-share subscription price of the shares subscribed with the option rights was EUR 1.35 .,neutral,neutral,True
"The Hayward , Calif.-based target designs active , casual and dress footwear , as well as boots and sandals .",neutral,neutral,True
"The Inventors are Ridge Justin , Bao Yiliang and Karczewicz Marta .",neutral,neutral,True
"OUTOTEC OYJ PRESS RELEASE , FEBRUARY 19 , 2008 AT 11.00 AM Outotec has won two large minerals processing technology orders from Mirabela Mineracao do Brasil Ltda , Brazil and from Cumerio Med JSCo , Bulgaria .",positive,positive,True
An audio webcast will be available live and archived on Cerner 's Web site at www.cerner.com .,neutral,neutral,True
Earnings per share EPS in 2005 decreased to EUR0 .66 from EUR1 .15 in 2004 .,negative,negative,True
Loss for the period totalled EUR 15.6 mn compared to a profit of EUR 6.3 mn in 2008 .,negative,negative,True
Kone shares dropped 4.1 percent to  x20ac 43 US$ 55.77 in Helsinki .,negative,negative,True
Construction is expected to be completed in the summer of 2011 .,neutral,neutral,True
"Also , a six-year historic analysis is provided for this market .",neutral,neutral,True
The expansion is to be finalized in the autumn of 2009 .,neutral,neutral,True
SRV lowered its net sales estimate for the whole of 2008 due to uncertainties in housing sales .,negative,negative,True
The writing and publication of Lemmink+ñinen -¦ s history is a continuation of earlier collaboration between Antti Tuuri and the company .,neutral,neutral,True
Production capacity will increase from 36 000 to 85 000 tonnes per year and the raw material will continue to be recycled paper and board .,positive,neutral,False
Rapala VMC Corporation ( Rapala ) is a Finland-based company engaged in the manufacture and distribution of fishing equipment and accessories .,neutral,neutral,True
"Motorola Inc. of the United States came second with shipments of 217.4 million units for a 21.3 percent market share , followed by South Korea 's Samsung Electronics Co. with shipments of 118.0 million units for an 11.6 percent share .",neutral,neutral,True
"The utility will also provide services related to electricity management , such as hedging trades and risk management and reporting .",neutral,neutral,True
Work on the assignment has already started and is due for completion in spring 2011 .,neutral,neutral,True
The proposal that the Board of Directors will make at the Annual General Meeting is attached as a whole to this release .,neutral,neutral,True
The value of the orders is about EUR 70mn .,neutral,neutral,True
"The business is organised , as of February 1 , 2011 , in a way that production of design services is combined into one entity , Etteplan Operations .",neutral,neutral,True
"BasWare 's CEO Ilkka Sihvo comments in conjunction with the Interim Report : `` As a whole , BasWare succeeded well in the second quarter of 2007 .",positive,positive,True
"Comparable operating profit totaled EUR 4.7 mn , down from EUR 5.1 mn in the corresponding period in 2005 , representing 7.4 % of net sales .",negative,negative,True
The value of the contracts is about EUR 3.3 mn .,neutral,neutral,True
Pharmaceutical market in Poland Global Research & Data Services published recently a market analysis about the pharmaceutical markets in Poland .,neutral,neutral,True
"The change in holdings in accordance with Chapter 2 , Section 9 of the Finnish Securities Markets Act is described below .",neutral,neutral,True
The operating margin of Aker Yards Cruise & Ferries division went down from 8.3 % to 6.4 % in the first quarter of 2007 .,negative,negative,True
"The acquisition was financed with $ 2.56 billion of debt arranged by Goldman , Sachs & Co. .",neutral,neutral,True
"Before Kemira 's installation NordAlu was producing 3,500 tons of liquid and solid aluminum waste per year .",neutral,neutral,True
"Finnish power supply solutions and systems provider Efore Oyj said its net loss widened to 3.2 mln euro $ 4.2 mln for the first quarter of fiscal 2006-2007 ending October 31 , 2007 from 900,000 euro $ 1.2 mln for the same period of fiscal 2005-06 .",negative,negative,True
Castecka said the town hall would hold talks with other investors interested in the zone .,neutral,neutral,True
Cargotec 's business areas also include the container handling solutions business area Kalmar and the marine cargo handling and offshore load handling solutions business area MacGREGOR .,neutral,neutral,True
Consolidated pretax profit decreased by 69.2 % to EUR 41.0 mn from EUR 133.1 mn in 2007 .,negative,negative,True
"Both operating profit and net sales for the six-month period increased , respectively from EUR0 .4 m and EUR3 .2 m , as compared to the corresponding period in 2005 .",positive,positive,True
"The stock is trading above both its MAPs and the 50-day MAP of SEK72 .983 is higher than the 200-day MAP of SEK70 .283 , a bullish indicator .",positive,positive,True
Finnish media group Talentum has issued a profit warning .,negative,negative,True
The Swedish subsidiary holds 1.0 % net smelter return `` NSR '' royalties over two advanced copper projects in northern Sweden - the Viscaria and Adak Projects - being developed by Avalon Minerals Ltd. ASX : AVI .,neutral,neutral,True
The financial details of the transaction were not disclosed .,neutral,neutral,True
It is estimated that the consolidated turnover of Kausta Guder will reach Lt 53mn US$ 22.53 mn EUR 15.35 mn in 2007 .,neutral,neutral,True
"The latest date for registration is on 4 April , 2006 .",neutral,neutral,True
With this appointment Kaupthing Bank aims to further co-ordinate Capital Markets activities within the Group and to improve the overall service to clients .,positive,neutral,False
"In the first nine months of 2010 , the company 's net loss narrowed to EUR415 ,000 from EUR7 .4 m for the corresponding period of 2009 .",positive,positive,True
The total capital of funds managed by the bank decreased by 28 % to EUR 284mn by the end of September 2008 .,negative,negative,True
"Systeemitiimi 's sales and project resources will also be strengthened , director Paul Skogberg said .",positive,positive,True
"Operating profit of Kauppalehti group rose to EUR 1.5 mn from EUR 1.3 mn , and that of Marketplaces to EUR 1.3 mn from EUR 1.0 mn in the third quarter of 2006 .",positive,positive,True
"The huge bridge girders will be delivered to the site from our plant in Ylivieska , Finland .",neutral,neutral,True
"Raute reported a loss per share of EUR0 .86 for the first half of 2009 , against EPS of EUR0 .74 in the corresponding period of 2008 .",negative,negative,True
The business area 's net sales were slightly over 2m in 2006 .,neutral,neutral,True
"The floor area of the Yliopistonrinne project will be 7,900 sq m and the building 's gross area will total 12,800 sq m. A total 25.1 % of the facilities have been let .",neutral,neutral,True
The real estate company posted a net loss of +ó  x201a -¼ 59.3 million +ó  x201a -¼ 0.21 per share compared with a net profit of +ó  x201a -¼ 31 million +ó  x201a -¼ 0.11 per share for the corresponding quarter of 2007 .,negative,negative,True
Net sales of the Vegetable Oil Business rose to EUR 10.6 mn from EUR 10.1 mn .,positive,positive,True
The first group of customers to be trained will be paint-shop owners and their assistants .,neutral,neutral,True
"Ahlstrom Corporation STOCK EXCHANGE ANNOUNCEMENT 23.4.2007 Ahlstrom Corporation will publish its first quarter financial results 2007 on Friday , April 27 , 2007 approximately at 8.30 a.m. Finnish time .",neutral,neutral,True
The company reported net sales of 302 mln euro $ 441.6 mln and an operating margin of 16 pct in 2006 .,neutral,neutral,True
Closing of such transaction took place today .,neutral,neutral,True
Operating profit fell to EUR 38.1 mn from EUR 55.3 mn in 2007 .,negative,negative,True
"About 36 % of this came from Aspo Chemicals , 39 % from Aspo Shipping and 25 % from Aspo Systems .",neutral,neutral,True
Neste Oil Corporation Refining Operation Asset Summary Report Summary Neste Oil Corporation Refining Operation Assets Summary Report is an essential source for company data and information .,neutral,neutral,True
"Profit for the period totalled EUR 0.8 mn , down from EUR 1.1 mn in the corresponding period in 2008 .",negative,negative,True
"Nordea Bank AB publ holds 6.000 Alma Media shares , representing 0.008 % of share capital and voting rights .",neutral,neutral,True
The final outcome of the rights offering is to be reported around 23 October 2009 .,neutral,neutral,True
Rihko started to manage Raisio 's Benecol business in summer 2006 after heading tobacco company Altadis ' European operations .,neutral,neutral,True
Efore 's results for the last quarter showed an even faster improvement as the company managed to better source its components .,positive,positive,True
An international conference call and audio webcast concerning the financial result January-March 2010 will begin at 14.00 EET .,neutral,neutral,True
"The money will be spread mainly over 2011 and 2012 , the company said .",neutral,neutral,True
Another firm Air Liquide was exempted because it left the market in 1998 .,neutral,neutral,True
"Net interest income totaled EUR 15.9 mn , compared to EUR 15.6 mn a year earlier .",positive,neutral,False
"For the first nine months of 2010 , Talvivaara 's net loss narrowed to EUR 8.3 million from EUR 21.9 million for the same period of 2009 .",positive,positive,True
Profit for the period increased from EUR 2.9 mn to EUR 10.5 mn .,positive,positive,True
"Under the deal , Know IT will pay SEK90m ( USD12 .8 m-EUR8 .6 m ) in cash and stock .",neutral,neutral,True
"Indigo and Somoncom serve 377,000 subscribers and had a market share of approximately 27 % as of May 2007 .",neutral,neutral,True
The total capacity of the factory will be approximately 100 engines a year .,neutral,neutral,True
"( ADP News ) - Oct 31 , 2008 - Finnish food company Raisio Oyj ( OMX : RAIVV ) said today that its net profit jumped to EUR 16.4 million ( USD 20.9 m ) for the first nine months of 2008 from EUR 1.1 million for the same period of 2",positive,positive,True
1 February 2011 - Finnish textile and clothing company Marimekko Oyj HEL : MMO1V said today its preliminary operating profit grew to EUR8 .2 m in 2010 from EUR6 .3 m in 2009 .,positive,positive,True
"Swedish , Finnish and Danish listed companies are organized in three market cap segments , Nordic Large Cap , Mid Cap and Small Cap .",neutral,neutral,True
"4 February 2011 - Finnish broadband data communication systems provider Teleste Oyj HEL : TLT1V saw its net profit jump to EUR2 .1 m for the last quarter of 2010 from EUR995 ,000 for the same period of 2009 .",positive,positive,True
The MET is located in the Central Business District ( CBD ) of Bangkok .,neutral,neutral,True
The customers will have an access to integrated propeller and gear packages from one source .,neutral,neutral,True
The share subscription period will expire on 30 September 2007 .,neutral,neutral,True
"In the Czech Republic , the smaller profiling unit at Ostrava will be closed and the machinery will be gradually relocated to Ruukki 's bigger plants in Hungary , Poland and Romania by the end of the first quarter of 2009 .",neutral,negative,False
The beers differ slightly from mainstream beers .,neutral,neutral,True
The volume of investments in the two phases of the project is estimated at USD 300mn ( EUR 215.03 mn ) .,neutral,neutral,True
VNH generates annual net sales of about 5 mln eur and employs 21 people .,neutral,neutral,True
"According to Atria 's President and CEO Matti Tikkakoski , the company 's Swedish operations significantly improved in the first quarter .",positive,positive,True
Construction volumes meanwhile grow at a rate of 10-15 percent annually .,positive,positive,True
The company 's model is based on developer contracting construction projects and customer focused project management .,neutral,neutral,True
"Steek , which was set up in 2002 , is based in Bordeaux , southwestern France .",neutral,neutral,True
"The composite body is coated with a hard coating layer produced by thermal spraying , and the coating is ground . ''",neutral,neutral,True
"In the second quarter of 2010 , the company 's net profit was EUR1 .7 m compared to a net loss of EUR1 .3 m in April-June 2009 .",positive,positive,True
The company also said that in Poland a profitability program has been launched at the Oborniki steel frame and sandwich panel plant .,positive,neutral,False
"Operating profit totaled EUR 6.7 mn , down from EUR 7.2 mn in the corresponding period in 2005 .",negative,negative,True
The transaction value is CAD 15 million approximately EUR 10 million .,neutral,neutral,True
"The RME from Telcontar enables the handset to calculate the best route and includes support for user-defined routes , feature navigability and multi-modal routing such as via foot and ferry .",neutral,neutral,True
Increase in the number of shares is based on the option rights which were granted to the management of the company under the stock option plan 2006 .,neutral,neutral,True
Marimekko is considering further measures in the matter .,neutral,neutral,True
A 2001 agreement expired earlier this month .,neutral,neutral,True
The sellers were the founders of the company .,neutral,neutral,True
"The new Kroksberg railway tunnel will be built on a new section of track between Harnosand and Veda , forming part of the line that follows the coast of the Gulf of Bothnia .",neutral,neutral,True
"Svyturys-Utenos Alus , which is controlled by the Nordic group Baltic Beverages Holding ( BBH ) , posted a 4.7-per-cent growth in beer sales for January-May to 46.22 million litres .",positive,positive,True
"The company serves customers in various industries , including process and resources , industrial machinery , architecture , building , construction , electrical , transportation , electronics , chemical , petrochemical , energy , and information technology , as well as catering and households .",neutral,neutral,True
The EUR17m contract includes both design and construction works .,neutral,neutral,True
Operating profit for continuing operations fell to EUR 48.3 mn from EUR 72.4 mn in the first half of 2007 .,negative,negative,True
Operating profit fell to EUR 15.1 mn from EUR 24.6 mn in 2006 .,negative,negative,True
"industry in Asia +ó Pakistan , Malaysia , Taiwan and Philippines Today , Global Research & Data Services is going to publish several market analyses about the cement markets in Asia .",neutral,neutral,True
The deal was worth about EUR 1.2 mn .,neutral,neutral,True
"Samsung currently occupies third place and lost ground during the quarter , dropping by 1.8 % to an 11.1 % share overall .",negative,negative,True
EPS grew to 0.04 eur from 0.02 eur .,positive,positive,True
"The 2500-passenger ferry will have dimensions of 185 m length overall , 170 m length between perpendiculars , 27.70 m breadth and 6.55 m design draught .",neutral,neutral,True
"To check them out or to make a bid they will be in the Deka Showroom , Fortitude Valley .",neutral,neutral,True
"With the new arrangement , customer responsibilities will become mainly regional .",neutral,neutral,True
"Group EBIT for the first half was EUR13 .6 m US$ 17.8 m , falling short of the EUR22 .5 m it posted for the same period of 2009 .",negative,negative,True
"In addition to its stake in MegaFon , Telecominvest currently owns 100 % of shares in Web Plus and St. Petersburg Payphones , 51 % in telecom equipment producer Peter-Servis and a number of other minor assets .",neutral,neutral,True
Major Order in India Comptel Corporation has received a significant long-term order for mediation and provisioning solutions being used by a leading operator in India .,positive,positive,True
"Global sports equipment maker Amer Sports Corp. , whose brands include Atomic , Salomon and Wilson , saw a 64 percent increase in third-quarter net profit to EURO 47.4 million $ 65 million on strong sales and cost cuts .",positive,positive,True
"Sanoma also has an Executive Committee , in accordance with the Company 's Articles of Association , that prepares proposals for matters to be decided or noted by the Board of Directors .",neutral,neutral,True
Operating profit improved to EUR 20.3 mn from EUR 11.4 mn .,positive,positive,True
"Net sales totaled EUR 93.6 mn , up from EUR 93.2 mn in the corresponding period in 2005 .",positive,positive,True
"There will be return flights from Stuttgart every morning , as well as evening departures on Thursdays , Fridays and Sundays .",neutral,neutral,True
The financial details of the acquisition were not disclosed .,neutral,neutral,True
"( ADP News ) - Dec 11 , 2008 - Finnish construction and engineering company Outotec Oyj ( OMX : OTE1V ) said today it won a EUR 28 million ( USD 36.8 m ) order to expand the phosphate concentrator in Siilinjarvi of Norwegian minera",positive,positive,True
"The contract incorporates a Convergent Charging rating solution for voice and data , which includes Internet , GPRS , SMS , MMS and WAP .",neutral,neutral,True
The mill is concentrating on getting the supercalendered line running satisfactorily before restarting its older newsprint line .,neutral,neutral,True
"Finnair PLC carried a record 8.8 million passengers in 2006 , an increase of 3.5 percent on the previous year , the Finnish national carrier reported Tuesday .",positive,positive,True
"Satama 's net profit for the third quarter of 2007 rose to 275,000 euro ( $ 395,000 ) from 270,000 euro ( $ 388,000 ) for the same period of 2006 .",positive,positive,True
10 February 2011 - Finnish media company Sanoma Oyj HEL : SAA1V said yesterday its 2010 net profit almost tripled to EUR297 .3 m from EUR107 .1 m for 2009 and announced a proposal for a raised payout .,positive,positive,True
CS Cabot 's main consumers on the Czech and Slovak market are tires producers Barum Continental and Matador Continental .,neutral,neutral,True
"The new company , DiaPol S.r.l. , would manufacture tools meant for glass and stone pre-processing .",neutral,neutral,True
"Harold W. Young is an independent broker working closely with several retailers including Ahold USA , Market Basket , CVS , BJ 's Wholesale Club , Hannaford and Cumberland Farms .",neutral,neutral,True
"After the split , the company would have 26,885,540 Series A shares and 9,540,000 Series K shares .",neutral,neutral,True
"Profit after taxes was EUR 0.1 mn , compared to EUR -0.4 mn the previous year .",positive,positive,True
The invention carries International Patent Publication No. .,neutral,neutral,True
"Like all other mechanical pipettors from Biohit , also Proline Plus is CE-IVD marked and comes with a 3-year warranty .",neutral,neutral,True
"Our key geographical markets are Europe , Russian Federation , Middle-East , South-Africa and Japan .",neutral,neutral,True
"The share capital of Biotie Therapies Corp. constitutes 90,211,860 shares in the aggregate and the number of voting rights attached to the shares amounts to 90,211,860 .",neutral,neutral,True
"In 2008 , AVC Systemhaus had net sales of EUR 10 million USD 7.1 m .",neutral,neutral,True
"The report goes on to provide detailed profiles of ten leading European specialty chemicals companies , and brief profiles of other major players .",neutral,neutral,True
"FL Group 's private equity division manages all operating companies , including Icelandair Group , FL Travel Group , Bluebird and Sterling .",neutral,neutral,True
"International sales rose by 59.8 % to EUR 1,244.4 mn .",positive,positive,True
"According to Finnair Technical Services , the measure is above all due to the employment situation .",neutral,neutral,True
"Following this increase Huhtamaki 's registered share capital is EUR360 .62 m and the number of shares outstanding is 106,063,320 .",neutral,neutral,True
No other ev3 devices were involved in this action .,neutral,neutral,True
"Pretax profit totalled EUR 2.0 mn , compared to a loss of EUR 159.2 mn in the fourth quarter of 2008 .",positive,positive,True
"( ADP News ) - Feb 6 , 2009 - Finnish fishing tackle company Rapala VMC Corp ( HEL : RAP1V ) said today its net profit rose to EUR 19.2 million ( USD 24.6 m ) for 2008 from EUR 17.5 million for 2007 .",positive,positive,True
The figure does not include food exports from Finland .,neutral,neutral,True
The value of the order is EUR 4mn .,neutral,neutral,True
Mr Jortikka is president of the base metal division of Outotec Oyj in Finland and is on the executive committee of Outotec .,neutral,neutral,True
"In the second quarter of 2010 , the group 's pretax loss narrowed to EUR 400,000 from EUR 600,000 .",positive,positive,True
The new factory working model and reorganisations would decrease Nokian Tyres ' costs in the factory by EUR 30 million ( USD 38.7 m ) .,positive,positive,True
"Initial estimated total value of the contract was 250 000 Euros , excluding VAT .",neutral,neutral,True
"If Honkarakenne starts production there , it will need a partner for sawmill operations .",neutral,neutral,True
"Both operating profit and net sales for the 12-month period increased , respectively from EUR4 .7 m and EUR26 .7 m , as compared to 2004 .",positive,positive,True
"According to Finnish FIM Bank , Alpro 's price would be around EUR 100mn-150mn .",neutral,neutral,True
"Operating loss totalled EUR 4.0 mn , compared to a profit of EUR 8.6 mn in the second quarter of 2008 .",negative,negative,True
"The unit 's clients are mainly in the field of specialist convenience goods , as well as in the textile , shoe and furniture businesses .",neutral,neutral,True
The company says the measures are no longer needed .,neutral,neutral,True
"Cramo , headquartered in Vantaa , Finland , rents construction machinery and equipment , as well as rents and sells modular space .",neutral,neutral,True
Biohit already services many current Genesis customers and the customer base is expected to expand as a result of this agreement .,positive,positive,True
"Helsinki 19 May 2010 - Finnish company Lemminkainen Oyj ( HEL : LEM1S ) said today that it will construct an office building at Toolonlahti in downtown Helsinki , without disclosing financial details .",neutral,neutral,True
"The fair value of the property portfolio doubled as a result of the Kapiteeli acquisition and totalled EUR 2,686.2 1,259.7 million .",positive,positive,True
Productional situation has now improved .,positive,positive,True
`` These developments partly reflect the government 's higher activity in the field of dividend policy . '',neutral,neutral,True
"The company said that currently the French distribution unit Ragot is located in Loudeac , Normandy , the distribution unit Waterqueen and line supplier Tortue in Saint Marcel in mid-France and the hook manufacturing unit VMC and hook distribution unit VMC Europe in Morvillars .",neutral,neutral,True
"Sales in Finland decreased by 2.0 % , and international sales decreased by 9.3 % in terms of euros , and by 15.1 % in terms of local currencies .",negative,negative,True
The parties have therefore agreed to leave Avena out of the deal .,neutral,neutral,True
"`` UPM 's deliveries increased during the third quarter by 4 percent , and the efficiency of operations improved , '' Chief Executive Jussi Pesonen said .",positive,positive,True
"In January-June 2010 , diluted loss per share stood at EUR0 .3 versus EUR0 .1 in the first half of 2009 .",negative,negative,True
"The deal includes all rental equipment and related merchandise , the rental contract of the depot and two employees , the company said .",neutral,neutral,True
"The inaugural speech will be given by Hannu Kyrolainen , Finland 's Ambassador to the Czech Republic .",neutral,neutral,True
SAMPO PLC Jarmo Salonen Head of Investor Relations and Group Communications tel. +358 10 516 0030 Distribution : NASDAQ OMX Helsinki The principal media Financial Supervisory Authority www.sampo.com This announcement is distributed by Thomson Reuters on behalf of Thomson Reuters clients .,neutral,neutral,True
Their names have not yet been released .,neutral,neutral,True
Electronic versions require 24-48 hours as each copy is customized to the client with digital controls and custom watermarks .,neutral,neutral,True
Amanda said that it had already made a USD5 .0 m investment commitment in Russia Partners II fund in July 2005 .,neutral,neutral,True
Sanoma announced the Stock Option Scheme 2008 on 19 December 2008 .,neutral,neutral,True
"Honkarakenne mainly exports large luxury log houses to Russia to be used as one-family houses or holiday homes ; 70 % of sales go to the Moscow region , about 20 % to the St Petersburg region , and the remainder to other locations .",neutral,neutral,True
Fortum had previously bought the state-held stake in TGK-10 from RAO UES during its reform .,neutral,neutral,True
Finnish metal products company Componenta Oyj net profit went slightly down to 25.1 mln euro ( $ 40.2 mln ) for the first half of 2008 from 25.4 mln euro ( $ 40.7 mln ) for the same period of 2007 .,negative,negative,True
"The 19,200-square metre technology center is located near University of Tampere in central Tampere .",neutral,neutral,True
"The company has a continuous need for alloys such as nickel , ferro-chrome , molybdenum and manganese in its production , said Talvivaara .",neutral,neutral,True
"Our customers include companies in the energy and process industry sectors , in particular .",neutral,neutral,True
Operating income rose to EUR 696.4 mn from EUR 600.3 mn in 2009 .,positive,positive,True
The share subscription period for stock options 2007A is between 1 April 2010 and 31 March 2012 .,neutral,neutral,True
"In the fourth quarter of 2008 , net sales decreased to EUR 121.4 mn from EUR 165.5 mn in the fourth quarter of 2007 .",negative,negative,True
"As an alternative to the share exchange , Panostaja offers a full cash consideration at the value of 1.27 euro $ 1.7 per share .",neutral,neutral,True
"The offer of some 30 million shares aimed to raise more than  x20ac 500 million US$ 640 million , was expected to be completed by Oct. 9 , Outokumpu said .",neutral,neutral,True
"In addition , the Kazakh delegation will visit Finland 's SITRA investment fund , Honkarakenne Ltd and Nokia headquarters to study TeliaSonera Ltd JSC 's activities .",neutral,neutral,True
Symphony Services provides development services for Aldata GOLD .,neutral,neutral,True
Terms of the acquisition were not disclosed .,neutral,neutral,True
BasWare Order Matching automatically matches purchase invoices with approved purchase orders .,neutral,neutral,True
"Consolidated operating profit excluding one-off items was EUR 30.6 mn , up from EUR 29.6 mn a year earlier .",positive,positive,True
Net interest income increased by 4.5 % to EUR 31.4 mn from EUR 30.0 mn in 2004 .,positive,positive,True
"Meanwhile , Alfa owns 25.1 % of MegaFon through Altimo , and 4.99 % of Turkcell via an 18.5 % stake in Cukurova Holding .",neutral,neutral,True
"in Q1 '10 19 April 2010 - Finnish forest machinery and equipment maker Ponsse Oyj HEL : PON1V said today that it expects to swing to a net profit of some EUR6 .3 m in the first quarter of 2010 , from an EUR9 .6 m loss a year earlier .",positive,positive,True
Almost two thirds of Olvi 's net sales come from outside Finland .,neutral,neutral,True
"STOCKMANN plc COMPANY ANNOUNCEMENT February 20 , 2007 , at 13.40 An annual summary of Stockmann 's stock exchange and financial press releases in 2006 is available on the company 's website at the address www.stockmann.com .",neutral,neutral,True
"Finnish flexible packaging manufacturer Suominen Corporation reports net sales of EUR 54.5 mn in the first quarter of 2008 , compared with EUR 54.3 mn a year earlier .",positive,neutral,False
Investments in product development stood at 6.0 mln euro ( $ 8.8 mln ) .,neutral,neutral,True
Operating profit excluding restructuring costs grew to EUR 44.5 million from EUR 31.7 million while operating profit including restructuring costs showed even larger growth to EUR 38.5 million from EUR 7.4 million .,positive,positive,True
"3 February 2011 - Finnish broadband data communication systems provider Teleste Oyj HEL : TLT1V said yesterday its net profit rocketed to EUR4 .8 m in 2010 from EUR416 ,000 in 2009 and it lifted its dividend proposal .",positive,positive,True
Diluted EPS rose to EUR3 .68 from EUR0 .50 .,positive,positive,True
"Food sales totalled EUR 323.5 mn in October 2009 , representing a decrease of 5.5 % from October 2008 .",negative,negative,True
The company 's equipment rental portfolio consists primarily of tools for small and mid-sized customers in the construction industry .,neutral,neutral,True
Nordstjernan has used its option to buy another 22.4 % stake of Salcomp 's shares and votes .,neutral,positive,False
"Both operating profit and net sales for the nine-month period increased , respectively by 26.6 % and 3.4 % , as compared to the corresponding period in 2006 .",positive,positive,True
"Both operating profit and net sales for the 12-month period increased , respectively from EUR10 .5 m and EUR28 .8 m , as compared to the financial year 2004 .",positive,positive,True
"HUHTAMAKI OYJ STOCK EXCHANGE RELEASE , 16.9.2008 AT 13.32 Huhtamaki 's Capital Markets Day for institutional investors and analysts is held in Espoo , September 16 , 2008 starting at 13.30 pm Finnish time .",neutral,neutral,True
"In April-June 2008 , Scanfil 's net sales totalled EUR 58.7 mn and operating profit EUR 6.6 mn .",neutral,neutral,True
"At the end of March 2009 , the company 's loans amounted to EUR 10.113 mn .",neutral,neutral,True
"The total scope of the project is about 38,000 square metres and it is valued at a total of around EUR75m .",neutral,neutral,True
"Destia Oy is a Finnish infrastructure and construction service company building , maintaining and designing traffic routes , industrial and traffic environments , but also complete living environments .",neutral,neutral,True
"New Chairman of the Board of Directors , Mr Chaim Katzman , will give a presentation and answer questions .",neutral,neutral,True
"Both operating profit and net sales for the three-month period increased , respectively from EUR15 .1 m and EUR131 .5 m , as compared to the corresponding period in 2005 .",positive,positive,True
The economic occupancy rate of Sponda 's property portfolio rose to 91.2 % from 88.8 % in 2006 .,positive,positive,True
Talvivaara is listed on the London Stock Exchange Main Market and NASDAQ OMX Helsinki and is included in the FTSE 250 Index .,neutral,neutral,True
"Net sales surged by 18.5 % to EUR167 .8 m. Teleste said that EUR20 .4 m , or 12.2 % , of the sales came from the acquisitions made in 2009 .",positive,positive,True
"For example , net sales increased by 5.9 % from the first quarter , and EBITDA increased from a negative EUR 0.2 mn in the first quarter of 2009 .",positive,positive,True
"The talks involved the Food and Ingredients Divisions , as well as group service functions , the company said .",neutral,neutral,True
The sales price was not disclosed .,neutral,neutral,True
The extracted filtrates are very high in clarity while the dried filter cakes meet required transport moisture limits (TMLs)for their ore grades .,neutral,neutral,True
"Byline : Tim Moran Cellular phone giant Nokia Corp. is offering $ 8.1 billion for digital map supplier NAVTEQ Corp. , of Chicago .",neutral,positive,False
Operating profit rose to EUR 13.1 mn from EUR 8.7 mn in the corresponding period in 2007 representing 7.7 % of net sales .,positive,positive,True
"The Company serves approximately 3,000 customers in over 100 countries .",neutral,neutral,True
The EA Reng group posted sales of approximately 84 million kroons for 2007 .,neutral,neutral,True
Cramo slipped to a pretax loss of EUR 6.7 million from a pretax profit of EUR 58.9 million .,negative,negative,True
Relations with the City have been further damaged by comments from Mr Ashley criticising City investors and analysts as `` cry babies '' .,negative,negative,True
NWC ANALYSIS :,neutral,neutral,True
This corresponds to 6.81 percent of Okmetic 's share capital and voting rights .,neutral,neutral,True
"The contract covers the supply of temporary heating equipment for LKAB 's new pellet plant in Kiruna , in northern Sweden .",neutral,neutral,True
Finnish metal products company Componenta Oyj net profit rose to 26.1 mln euro ( $ 35.9 mln ) for the first quarter of 2007 from 5.3 mln euro ( $ 7.3 mln ) for the same period of 2006 .,positive,positive,True
"Also , a six-year historic analysis is provided for these markets .",neutral,neutral,True
The Elcoteq group recently announced that the last three months of the previous year brought to it a major loss of more than half a billion kroons ( EUR 32 mln ) for the fifth quarter running .,negative,negative,True
"Operating profit surged to EUR21m from EUR106 ,000 .",positive,positive,True
The company is listed on the Nordic Exchange in Helsinki .,neutral,neutral,True
"Both operating profit and net sales for the 12-month period increased , respectively from EUR21 .5 m and EUR196 .1 m , as compared to 2005 .",positive,positive,True
The bank VTB24 provides mortgage loans to buy apartments in the complex at 11-13 % per annum in rubles .,neutral,neutral,True
The company said that the results of the third quarter do not include non-recurring items .,neutral,neutral,True
"In the third quarter of fiscal 2008 Efore swung to a net loss of EUR 400,000 versus a net profit of EUR 200,000 for the corresponding period of fiscal 2007 .",negative,negative,True
Net sales fell by 33 % from the third quarter of 2008 to EUR 130.5 mn .,negative,negative,True
"HELSINKI ( AFX ) - Shares closed higher , led by Nokia after it announced plans to team up with Sanyo to manufacture 3G handsets , and by Nokian Tyres after its fourth-quarter earnings report beat analysts ' expectations , dealers said .",positive,positive,True
Mursula said they tried to gather macro-economic perspective to see how Malaysia was doing .,neutral,neutral,True
The bond has a value of EUR150m and a maturity of 4 years .,neutral,neutral,True
Number of offers received for this contract is two .,neutral,neutral,True
"According to CEO Matti Perkonoja of the parent company HKScan , the company 's performance in the first quarter of 2010 has remained clearly below the level of the corresponding period in 2009 .",negative,negative,True
"`` This is a significant milestone for Benefon , helping us to secure critical USP 's for our personal navigation product roadmap for 2007 and beyond , '' commented Simon Button , Chief Technology Officer at Benefon .",positive,positive,True
"These products include Personal Communications products such as mobile phones and their parts , Home Communications products such as set-top boxes and electronics for flat panel TVs as well as Communications Networks products such as base-stations , tower-top amplifiers , and microwave systems .",neutral,neutral,True
The EPS improved to EUR0 .38 from EUR0 .27 .,positive,positive,True
"Presentation materials will be posted on the company 's website : www.seahawkdrilling.com in the `` Investor Relations '' section , on the `` Webcast & Presentations '' tab .",neutral,neutral,True
"The market share of Volkswagen passenger cars in Finland was 10.1 percent , Audi had a market share of 3.1 percent and Seat 's share was 0.9 percent .",neutral,neutral,True
"YIT CORPORATION SEPT. 24 , 2007 at 13:30 CORPORATE RELEASE STOCK EXCHANGE RELEASE YIT 'S CAPITAL MARKETS DAY IN LONDON , SEPT. 26 , 2007 On Wednesday , September 26 , 2007 , YIT will hold a Capital Markets Day for investors and analysts in London .",neutral,neutral,True
"The company also appointed Leif Rosen head of the Special Plate unit which includes the quarto plate units in Degerfors , Sweden , and New Castle , USA , the unit in Willich , Germany , as well as Pressplate and Prefab in Avesta and Plate Service Centre Nordic in Degerfors .",neutral,neutral,True
"Established in 1989 , CapMan manages Nordic buyout , mezzanine , technology , life science and real estate funds with approximately EURO 3 billion $ 4 billion in total capital .",neutral,neutral,True
"2009 3 February 2010 - Finland-based steel maker Rautaruukki Oyj ( HEL : RTRKS ) , or Ruukki , said today it slipped to a larger-than-expected pretax loss of EUR46m in the fourth quarter of 2009 from a year-earlier profit of EUR45m .",negative,negative,True
Sanoma Magazines International will invite other shareholders holding approximately 15 % of the shares to sell their shares .,neutral,neutral,True
Solteq Plc ANNOUNCEMENT 16.12.2010 SHARE REPURCHASE 16.12.2010 In the Helsinki Stock Exchange Solteq Plc now holds a total of 486.969 shares including the shares repurchased on 16.12.2010 .,neutral,neutral,True
Return on capital employed rose by 4.8 percentage points to 19.6 % .,positive,positive,True
"Operating profit , excluding non-recurring items , totalled EUR 1.0 mn , down from EUR 1.6 mn .",negative,negative,True
